<?xml version="1.0" encoding="utf-8"?><!-- Copyright (c) Microsoft Corporation.  All rights reserved. --><GroupPolicyBackupScheme bkp:version="2.0" bkp:type="GroupPolicyBackupTemplate" xmlns:bkp="http://www.microsoft.com/GroupPolicy/GPOOperations" xmlns="http://www.microsoft.com/GroupPolicy/GPOOperations">
    <GroupPolicyObject><SecurityGroups><Group bkp:Source="FromDACL"><Sid><![CDATA[S-1-5-21-4104200248-4256126449-3458730272-519]]></Sid><SamAccountName><![CDATA[Enterprise Admins]]></SamAccountName><Type><![CDATA[UniversalGroup]]></Type><NetBIOSDomainName><![CDATA[TEST]]></NetBIOSDomainName><DnsDomainName><![CDATA[test.LACAL]]></DnsDomainName><UPN><![CDATA[Enterprise Admins@test.LACAL]]></UPN></Group><Group bkp:Source="FromDACL"><Sid><![CDATA[S-1-5-21-4104200248-4256126449-3458730272-512]]></Sid><SamAccountName><![CDATA[Domain Admins]]></SamAccountName><Type><![CDATA[GlobalGroup]]></Type><NetBIOSDomainName><![CDATA[TEST]]></NetBIOSDomainName><DnsDomainName><![CDATA[test.LACAL]]></DnsDomainName><UPN><![CDATA[Domain Admins@test.LACAL]]></UPN></Group></SecurityGroups><FilePaths><Path><![CDATA[\\AWINGU-AD\Users\%USERNAME%\Documents]]></Path></FilePaths><GroupPolicyCoreSettings><ID><![CDATA[{A81BA698-73E9-459E-9786-DFA92F27B369}]]></ID><Domain><![CDATA[test.LACAL]]></Domain><SecurityDescriptor>01 00 04 9c 00 00 00 00 00 00 00 00 00 00 00 00 14 00 00 00 04 00 dc 00 08 00 00 00 05 02 28 00 00 01 00 00 01 00 00 00 8f fd ac ed b3 ff d1 11 b4 1d 00 a0 c9 68 f9 39 01 01 00 00 00 00 00 05 0b 00 00 00 00 02 24 00 ff 00 0f 00 01 05 00 00 00 00 00 05 15 00 00 00 38 20 a1 f4 f1 55 af fd 20 09 28 ce 00 02 00 00 00 02 24 00 ff 00 0f 00 01 05 00 00 00 00 00 05 15 00 00 00 38 20 a1 f4 f1 55 af fd 20 09 28 ce 07 02 00 00 00 00 14 00 ff 00 0f 00 01 01 00 00 00 00 00 05 12 00 00 00 00 02 14 00 94 00 02 00 01 01 00 00 00 00 00 05 09 00 00 00 00 02 14 00 94 00 02 00 01 01 00 00 00 00 00 05 0b 00 00 00 00 02 14 00 ff 00 0f 00 01 01 00 00 00 00 00 05 12 00 00 00 00 0a 14 00 ff 00 0f 00 01 01 00 00 00 00 00 03 00 00 00 00</SecurityDescriptor><DisplayName><![CDATA[AwinguGPO]]></DisplayName><Options><![CDATA[0]]></Options><UserVersionNumber><![CDATA[65537]]></UserVersionNumber><MachineVersionNumber><![CDATA[327685]]></MachineVersionNumber><MachineExtensionGuids><![CDATA[[{35378EAC-683F-11D2-A89A-00C04FBBCFA2}{D02B1F72-3407-48AE-BA88-E8213C6761F1}]]]></MachineExtensionGuids><UserExtensionGuids><![CDATA[[{25537BA6-77A8-11D2-9B6C-0000F8080861}{88E729D6-BDC1-11D1-BD2A-00C04FB9603F}]]]></UserExtensionGuids><WMIFilter/></GroupPolicyCoreSettings> 
        <GroupPolicyExtension bkp:ID="{35378EAC-683F-11D2-A89A-00C04FBBCFA2}" bkp:DescName="Registry">
            <FSObjectFile bkp:Path="%GPO_MACH_FSPATH%\registry.pol" bkp:SourceExpandedPath="\\awingu-ad.test.LACAL\sysvol\test.LACAL\Policies\{A81BA698-73E9-459E-9786-DFA92F27B369}\Machine\registry.pol" bkp:Location="DomainSysvol\GPO\Machine\registry.pol"/>
            <FSObjectFile bkp:Path="%GPO_USER_FSPATH%\registry.pol" bkp:SourceExpandedPath="\\awingu-ad.test.LACAL\sysvol\test.LACAL\Policies\{A81BA698-73E9-459E-9786-DFA92F27B369}\User\registry.pol" bkp:Location="DomainSysvol\GPO\User\registry.pol"/>
            <FSObjectFile bkp:Path="%GPO_FSPATH%\Adm\*.*" bkp:SourceExpandedPath="\\awingu-ad.test.LACAL\sysvol\test.LACAL\Policies\{A81BA698-73E9-459E-9786-DFA92F27B369}\Adm\*.*"/>
        </GroupPolicyExtension>
        
        <GroupPolicyExtension bkp:ID="{25537BA6-77A8-11D2-9B6C-0000F8080861}" bkp:DescName="Folder Redirection">
            <FSObjectFile bkp:Path="%GPO_USER_FSPATH%\Documents &amp; Settings\*" bkp:SourceExpandedPath="\\awingu-ad.test.LACAL\sysvol\test.LACAL\Policies\{A81BA698-73E9-459E-9786-DFA92F27B369}\User\Documents &amp; Settings\*" bkp:ReEvaluateFunction="FRValidateSettings"><FSObjectFile bkp:Path="%GPO_USER_FSPATH%\Documents &amp; Settings\fdeploy.ini" bkp:SourceExpandedPath="\\awingu-ad.test.LACAL\sysvol\test.LACAL\Policies\{A81BA698-73E9-459E-9786-DFA92F27B369}\User\Documents &amp; Settings\fdeploy.ini" bkp:Location="DomainSysvol\GPO\User\Documents &amp; Settings\fdeploy.ini"/></FSObjectFile>
        </GroupPolicyExtension>
        
        
        
        
        
        
        
    <GroupPolicyExtension bkp:ID="{F15C46CD-82A0-4C2D-A210-5D0D3182A418}" bkp:DescName="Unknown Extension"><FSObjectDir bkp:Path="%GPO_MACH_FSPATH%\Applications" bkp:SourceExpandedPath="\\awingu-ad.test.LACAL\sysvol\test.LACAL\Policies\{A81BA698-73E9-459E-9786-DFA92F27B369}\Machine\Applications" bkp:Location="DomainSysvol\GPO\Machine\Applications"/><FSObjectFile bkp:Path="%GPO_MACH_FSPATH%\comment.cmtx" bkp:SourceExpandedPath="\\awingu-ad.test.LACAL\sysvol\test.LACAL\Policies\{A81BA698-73E9-459E-9786-DFA92F27B369}\Machine\comment.cmtx" bkp:Location="DomainSysvol\GPO\Machine\comment.cmtx"/><FSObjectDir bkp:Path="%GPO_MACH_FSPATH%\Scripts" bkp:SourceExpandedPath="\\awingu-ad.test.LACAL\sysvol\test.LACAL\Policies\{A81BA698-73E9-459E-9786-DFA92F27B369}\Machine\Scripts" bkp:Location="DomainSysvol\GPO\Machine\Scripts"/><FSObjectDir bkp:Path="%GPO_MACH_FSPATH%\Scripts\Shutdown" bkp:SourceExpandedPath="\\awingu-ad.test.LACAL\sysvol\test.LACAL\Policies\{A81BA698-73E9-459E-9786-DFA92F27B369}\Machine\Scripts\Shutdown" bkp:Location="DomainSysvol\GPO\Machine\Scripts\Shutdown"/><FSObjectDir bkp:Path="%GPO_MACH_FSPATH%\Scripts\Startup" bkp:SourceExpandedPath="\\awingu-ad.test.LACAL\sysvol\test.LACAL\Policies\{A81BA698-73E9-459E-9786-DFA92F27B369}\Machine\Scripts\Startup" bkp:Location="DomainSysvol\GPO\Machine\Scripts\Startup"/><FSObjectDir bkp:Path="%GPO_USER_FSPATH%\Applications" bkp:SourceExpandedPath="\\awingu-ad.test.LACAL\sysvol\test.LACAL\Policies\{A81BA698-73E9-459E-9786-DFA92F27B369}\User\Applications" bkp:Location="DomainSysvol\GPO\User\Applications"/><FSObjectFile bkp:Path="%GPO_USER_FSPATH%\comment.cmtx" bkp:SourceExpandedPath="\\awingu-ad.test.LACAL\sysvol\test.LACAL\Policies\{A81BA698-73E9-459E-9786-DFA92F27B369}\User\comment.cmtx" bkp:Location="DomainSysvol\GPO\User\comment.cmtx"/><FSObjectDir bkp:Path="%GPO_USER_FSPATH%\Documents &amp; Settings" bkp:SourceExpandedPath="\\awingu-ad.test.LACAL\sysvol\test.LACAL\Policies\{A81BA698-73E9-459E-9786-DFA92F27B369}\User\Documents &amp; Settings" bkp:Location="DomainSysvol\GPO\User\Documents &amp; Settings"/><FSObjectDir bkp:Path="%GPO_USER_FSPATH%\Scripts" bkp:SourceExpandedPath="\\awingu-ad.test.LACAL\sysvol\test.LACAL\Policies\{A81BA698-73E9-459E-9786-DFA92F27B369}\User\Scripts" bkp:Location="DomainSysvol\GPO\User\Scripts"/><FSObjectDir bkp:Path="%GPO_USER_FSPATH%\Scripts\Logoff" bkp:SourceExpandedPath="\\awingu-ad.test.LACAL\sysvol\test.LACAL\Policies\{A81BA698-73E9-459E-9786-DFA92F27B369}\User\Scripts\Logoff" bkp:Location="DomainSysvol\GPO\User\Scripts\Logoff"/><FSObjectDir bkp:Path="%GPO_USER_FSPATH%\Scripts\Logon" bkp:SourceExpandedPath="\\awingu-ad.test.LACAL\sysvol\test.LACAL\Policies\{A81BA698-73E9-459E-9786-DFA92F27B369}\User\Scripts\Logon" bkp:Location="DomainSysvol\GPO\User\Scripts\Logon"/></GroupPolicyExtension></GroupPolicyObject>
</GroupPolicyBackupScheme>