<BackupInst xmlns="http://www.microsoft.com/GroupPolicy/GPOOperations/Manifest"><GPOGuid><![CDATA[{A81BA698-73E9-459E-9786-DFA92F27B369}]]></GPOGuid><GPODomain><![CDATA[test.LACAL]]></GPODomain><GPODomainGuid><![CDATA[{501d6315-7674-4973-98ae-2a1a6e045117}]]></GPODomainGuid><GPODomainController><![CDATA[awingu-ad.test.LACAL]]></GPODomainController><BackupTime><![CDATA[2018-03-28T14:49:31]]></BackupTime><ID><![CDATA[{1E9A8723-9645-4F27-B251-7A62682A6209}]]></ID><Comment><![CDATA[AwinguGPO]]></Comment><GPODisplayName><![CDATA[AwinguGPO]]></GPODisplayName></BackupInst>
